,id,date,from_id,to_id,fwd_from,message,type,duration
0,154416,2021-07-06 07:02:47+00:00,PeerUser(user_id=511986933),391370223,,Я з власником домовився на вт 13-го числа підписати. За час потім ближче до того з ним вирішим,text,
1,154414,2021-07-06 06:18:55+00:00,PeerUser(user_id=511986933),391370223,,"О, дуже дякую! Спробую",text,
2,154412,2021-07-05 22:44:46+00:00,,511986933,,Це просто щоб ти знав ще про таку опцію,text,
3,154411,2021-07-05 22:44:34+00:00,,511986933,,Там за 2 дні його підтверджують,text,
4,154410,2021-07-05 22:44:25+00:00,,511986933,,ФОП до речі через дію можна за 15 хвилин зробити. Просто електронним ключем з додатку привата або моно треба підключити чи щось таке,text,
5,154409,2021-07-05 22:06:10+00:00,,511986933,,Думаю так,text,
6,154407,2021-07-05 21:24:46+00:00,PeerUser(user_id=511986933),391370223,,Я мабуть спробую з власником на вт на 13 число домовитися договір підписати десь на 17.00. Тобі ок же ж буде ?,text,
7,154406,2021-07-05 20:25:43+00:00,,511986933,,"Добре, дякую",text,
8,154405,2021-07-05 18:30:39+00:00,PeerUser(user_id=511986933),391370223,,Я там міцелярну воду та все що біля неї поклав у шкаф,photo,
9,154404,2021-07-05 17:46:22+00:00,,511986933,,"Та мабуть так, але вони можуть довго житт",text,
10,154403,2021-07-05 17:38:53+00:00,PeerUser(user_id=511986933),391370223,,Тут є печиво та хлібці. Що з ними робити ? Утилізувати ?),text,
11,154402,2021-07-05 17:38:34+00:00,PeerUser(user_id=511986933),391370223,,Я вже на хаті. Все гуд),text,
12,154401,2021-07-05 15:12:42+00:00,PeerUser(user_id=511986933),391370223,,Окей. Напиши тоді,text,
13,154400,2021-07-05 15:10:41+00:00,,511986933,,Зараз не можу вирішити,text,
14,154399,2021-07-05 15:10:27+00:00,,511986933,,Не знаю ще,text,
15,154398,2021-07-05 15:10:05+00:00,PeerUser(user_id=511986933),391370223,,Просто було б краще у нд підписати договір бо у пн після обіду я на днюху до Діми йду),text,
16,154397,2021-07-05 15:05:04+00:00,PeerUser(user_id=511986933),391370223,,Ти десь в обід чи увечері повернишся ?,text,
17,154396,2021-07-05 14:58:59+00:00,PeerUser(user_id=511986933),391370223,,Тобто 11 липня ?,text,
18,154395,2021-07-05 14:44:29+00:00,,511986933,,Мабуть в неділю буду,text,
19,154394,2021-07-05 14:29:17+00:00,PeerUser(user_id=511986933),391370223,,Привіт Макс! Може сказати коли ти повернешся до Львову ? Просто власник телефонував та казав що договір хоче підписати. Якщо через тиждень повернешся то можемо почекати а якщо ні то подумаємо з ним як вчинити,text,
20,154384,2021-07-04 16:05:44+00:00,PeerUser(user_id=511986933),391370223,,Дякую,text,
21,154382,2021-07-04 16:05:22+00:00,,511986933,,Окей,text,
22,154381,2021-07-04 16:04:48+00:00,PeerUser(user_id=511986933),391370223,,Привіт! А ти не проти що у нас з першого по четверте серпня (о 11.00 вже їде) поживе мій дуже хороший друг. Він просто із заходу повертається і попросив переночувати пару суток) Ну ти шариш як то буває,text,
23,154263,2021-07-02 18:38:49+00:00,PeerUser(user_id=511986933),391370223,,8 червня виступав Костя Лєпєшов і Таня Баценко,text,
24,154261,2021-07-02 18:37:54+00:00,,511986933,,"Найс, дякую",text,
25,154260,2021-07-02 18:37:33+00:00,PeerUser(user_id=511986933),391370223,,Це Наталя кидала перед захистом проектів цього року,text,
26,154259,2021-07-02 18:37:19+00:00,PeerUser(user_id=511986933),391370223,"MessageFwdHeader(date=datetime.datetime(2021, 6, 6, 10, 49, 13, tzinfo=datetime.timezone.utc), imported=False, from_id=PeerUser(user_id=314349193), from_name=None, channel_post=None, post_author=None, saved_from_peer=None, saved_from_msg_id=None, psa_type=None)","Привіт, якщо хтось захоче зайти послухати захисти, то залишаю вам посилання для КОмп’ютерних наук

 Посилання для доступу:
7 червня (понеділок) https://us02web.zoom.us/j/82896987835
8 червня (вівторок) https://us02web.zoom.us/j/89461454986
9 червня (середа) https://us02web.zoom.us/j/89468119515
11 червня(п'ятниця) https://us02web.zoom.us/j/89552779479
12 червня (субота) https://us02web.zoom.us/j/84499955921

Список студентів, які виступають (починаємо о 9:30, крок 30хв)
https://apps.ucu.edu.ua/bachelor-thesis-schedule-cs-2021/",text,
27,154258,2021-07-02 18:36:50+00:00,PeerUser(user_id=511986933),391370223,,Там і 2020 року є і цього року,text,
28,154257,2021-07-02 18:36:42+00:00,PeerUser(user_id=511986933),391370223,,Є звісно,text,
29,154256,2021-07-02 18:33:47+00:00,,511986933,,"Та да, це норм схема якщо запис захистів десь є",text,
30,154250,2021-07-02 18:30:29+00:00,PeerUser(user_id=511986933),391370223,,"Дивись ще які у мене думки є. Просто треба десь зберегти та з кимось поділитися) 
Це стосовно дипломної роботи -- можна просто проаналізувати помилки та коментарі до робіт інших та спробувати у своїй роботі такого недопускати. Я у Тані Баценко бачив що вона у преза згардувала такі зауваження до роботи рецензентів",text,
31,154249,2021-07-02 18:28:42+00:00,PeerUser(user_id=511986933),391370223,,Якось порішаємо),text,
32,154248,2021-07-02 18:28:36+00:00,PeerUser(user_id=511986933),391370223,,Ну хай,text,
33,154246,2021-07-02 17:52:59+00:00,,511986933,,Не можу,text,
34,154245,2021-07-02 17:48:19+00:00,PeerUser(user_id=511986933),391370223,,А ти трошки пізніше не можеш поїхати ? Чи то срочно ? Просто ми з ним уже три тижні не можемо то підписати,text,
35,154244,2021-07-02 17:47:23+00:00,PeerUser(user_id=511986933),391370223,,Ми з ним ніяк не зістикуємося,text,
36,154243,2021-07-02 17:46:46+00:00,PeerUser(user_id=511986933),391370223,,Точно,text,
37,154242,2021-07-02 17:46:44+00:00,PeerUser(user_id=511986933),391370223,,Та йой,text,
38,154241,2021-07-02 17:40:15+00:00,,511986933,,"Ок, там ще ж треба буде підписати з власником",text,
39,154240,2021-07-02 17:36:26+00:00,PeerUser(user_id=511986933),391370223,,Окс. Я просто чого питаю бо я ще думаю раз додому поїхати і от думаю коли тебе не буде також домой поїхати щоб скучно не було),text,
40,154239,2021-07-02 17:09:11+00:00,,511986933,,Але до того може ще повернусь,text,
41,154238,2021-07-02 17:09:04+00:00,,511986933,,Ну да,text,
42,154237,2021-07-02 17:05:34+00:00,PeerUser(user_id=511986933),391370223,,Так а ти потім ще у кінці липня ще поїдеш з батьками ?,text,
43,154236,2021-07-02 17:04:47+00:00,,511986933,,Може тиждень-два,text,
44,154235,2021-07-02 17:04:33+00:00,PeerUser(user_id=511986933),391370223,,"Ага, ну ок. На довго ?",text,
45,154234,2021-07-02 17:04:19+00:00,,511986933,,Я в понеділок о 16 поїду просто в Київ,text,
46,154233,2021-07-02 17:04:02+00:00,PeerUser(user_id=511986933),391370223,,5 липня,text,
47,154232,2021-07-02 17:03:51+00:00,,511986933,,Пн це яке число ?,text,
48,154231,2021-07-02 17:03:30+00:00,PeerUser(user_id=511986933),391370223,,Я до речі у пн буду десь о 21.00 у Львові вже,text,
49,154230,2021-07-02 17:02:17+00:00,PeerUser(user_id=511986933),391370223,,Просто я от переживаю за моно бо по суті він ще великих криз не переживав. А от Приват це майже державний банк якому не дадуть упасти точно,text,
50,154229,2021-07-02 17:01:38+00:00,PeerUser(user_id=511986933),391370223,,"Круто, дякую!",text,
51,154228,2021-07-02 17:00:38+00:00,,511986933,"MessageFwdHeader(date=datetime.datetime(2021, 7, 2, 17, 0, 27, tzinfo=datetime.timezone.utc), imported=False, from_id=PeerUser(user_id=361542046), from_name=None, channel_post=None, post_author=None, saved_from_peer=None, saved_from_msg_id=None, psa_type=None)",Шикарно,text,
52,154227,2021-07-02 17:00:38+00:00,,511986933,"MessageFwdHeader(date=datetime.datetime(2021, 7, 2, 17, 0, 3, tzinfo=datetime.timezone.utc), imported=False, from_id=PeerUser(user_id=391370223), from_name=None, channel_post=None, post_author=None, saved_from_peer=None, saved_from_msg_id=None, psa_type=None)",І зручно ?,text,
53,154226,2021-07-02 17:00:38+00:00,,511986933,"MessageFwdHeader(date=datetime.datetime(2021, 7, 2, 16, 59, 22, tzinfo=datetime.timezone.utc), imported=False, from_id=PeerUser(user_id=361542046), from_name=None, channel_post=None, post_author=None, saved_from_peer=None, saved_from_msg_id=None, psa_type=None)",Ага,text,
54,154225,2021-07-02 17:00:38+00:00,,511986933,"MessageFwdHeader(date=datetime.datetime(2021, 7, 2, 16, 59, 9, tzinfo=datetime.timezone.utc), imported=False, from_id=PeerUser(user_id=391370223), from_name=None, channel_post=None, post_author=None, saved_from_peer=None, saved_from_msg_id=None, psa_type=None)",В тебе моно ФОП ?,text,
55,154224,2021-07-02 16:58:46+00:00,,511986933,,Але я знаю ті що в моно відкривали задоволені,text,
56,154223,2021-07-02 16:58:26+00:00,,511986933,,"В мене давно є ФОП в авалі, треба було",text,
57,154222,2021-07-02 16:57:48+00:00,PeerUser(user_id=511986933),391370223,,Моно чи Приват ?,text,
58,154221,2021-07-02 16:57:44+00:00,PeerUser(user_id=511986933),391370223,,У мене є до речі важливе питання. А ти рахунок для ФОПу де відкривав ?,text,
59,154220,2021-07-02 16:57:25+00:00,PeerUser(user_id=511986933),391370223,,Я також власнику скинув гроші та написав йому,text,
60,154215,2021-07-02 10:24:06+00:00,PeerUser(user_id=511986933),391370223,,"Добре, я потім відпишу коли скину",text,
61,154214,2021-07-02 09:36:52+00:00,,511986933,,Ну я кинув 4500,text,
62,154213,2021-07-02 09:33:01+00:00,,511986933,,Ок,text,
63,154212,2021-07-02 09:30:00+00:00,PeerUser(user_id=511986933),391370223,,я просто увечері буду платити,text,
64,154211,2021-07-02 09:29:36+00:00,PeerUser(user_id=511986933),391370223,,Та бажано),text,
65,154210,2021-07-02 09:06:48+00:00,,511986933,,Це ж за хату треба заплатити,text,
66,154151,2021-06-30 18:21:19+00:00,PeerUser(user_id=511986933),391370223,,"О, це воно. Бо я всякі платні аналоги ставив і от думав кряк качати але стрьомно було кряк з диском реальним юзати. Тому і запитав)",text,
67,154150,2021-06-30 18:08:32+00:00,,511986933,,gparted юзав,text,
68,154149,2021-06-30 18:06:32+00:00,PeerUser(user_id=511986933),391370223,,Чи як ти переустановлював ? Так мабуть легше ніж би я пояснював що робив,text,
69,154148,2021-06-30 18:05:08+00:00,PeerUser(user_id=511986933),391370223,,А ти ніяку сторонню прогу не використовував щоб по іншому диски розбити ?,text,
70,154147,2021-06-30 16:50:29+00:00,,511986933,,Але взагалі щось з цим модна зробити якщо ти запустиш уюунту з флешки і типу за допомогою убунти на флешці будеш з дисками компа гратись,text,
71,154146,2021-06-30 16:49:26+00:00,,511986933,,Не дуже зрозумів як в тебе так сталося,text,
72,154145,2021-06-30 16:37:34+00:00,PeerUser(user_id=511986933),391370223,,"у тебе не було такого що коли ти убунту переустановляв то у тебе для прикладу disk D був dynamic і ти не міг у Disk Management видалити партішини які для убунти були ? Просто є варіант перетворити dynamic disk у basic disk проте для цього треба буде почистити файли з диску) 

Часом у тебе такого не було ?  Просто не дуже даними хочу рискувати",photo,
73,154140,2021-06-30 13:08:48+00:00,,511986933,,"Не знаю, я в убунті через термінал все роблю)",text,
74,154139,2021-06-30 13:06:53+00:00,PeerUser(user_id=511986933),391370223,,просто завдяки ній можна драйвера конфігурувати і про неї у багатьох порадах згадують коли у тебе щось падає),text,
75,154138,2021-06-30 13:06:24+00:00,PeerUser(user_id=511986933),391370223,,а у тебе також немає Software & Update програми на убунті ? Просто вона мала б бути по дефолту. У мене була тільки Software Updater проте ще ця Software & Update має бути,text,
76,154137,2021-06-30 12:52:43+00:00,PeerUser(user_id=511986933),391370223,,мабуть найкращий метод це просто флешку на терабайт купити),text,
77,154136,2021-06-30 12:52:17+00:00,PeerUser(user_id=511986933),391370223,,"о, добре що сказав",text,
78,154135,2021-06-30 12:51:30+00:00,,511986933,,"Так, краще не треба. А то я намагався, а воно вийшло вінда рід онлі з убунти",text,
79,154133,2021-06-30 12:47:35+00:00,PeerUser(user_id=511986933),391370223,,я от думаю  share drive зробити проте думаю чи може є якісь ще альтернативні шляхи бо то не дуже надійна штука,text,
80,154132,2021-06-30 12:46:50+00:00,PeerUser(user_id=511986933),391370223,,ага окс) А ти якось файли з вінди синхронізуєш із убунтою ?,text,
81,154131,2021-06-30 12:45:43+00:00,,511986933,,Ясно що побільше треба просто,text,
82,154130,2021-06-30 12:45:37+00:00,,511986933,,А дав половину того що було в мене доступне,text,
83,154129,2021-06-30 12:45:18+00:00,,511986933,,Ні скільки по моєму,text,
84,154128,2021-06-30 12:44:53+00:00,PeerUser(user_id=511986933),391370223,,так а скільки дав ?,text,
85,154124,2021-06-30 12:42:13+00:00,,511986933,,Хоум можна навіть не створювати,text,
86,154123,2021-06-30 12:33:20+00:00,PeerUser(user_id=511986933),391370223,,Привіт Макс! А ти скільки місця для убунти давав ? Та скільки на ОС дав і скільки на хоум ?,text,
87,154079,2021-06-29 12:55:32+00:00,,511986933,,"Ого, ну це покрутіше лего",text,
88,154078,2021-06-29 12:37:37+00:00,PeerUser(user_id=511986933),391370223,,,video,18
89,154077,2021-06-29 12:37:08+00:00,PeerUser(user_id=511986933),391370223,,До речі я тобі казав що якось свою кімнату покажу. То ось,text,
90,154076,2021-06-29 12:16:19+00:00,,511986933,,"Пошукаю, але поки не буду цим займатися. Попитаю коли прийде час",text,
91,154075,2021-06-29 12:15:20+00:00,PeerUser(user_id=511986933),391370223,,Я бачив деякі собі Phd звідкись брали. Ти не думав шукати собі когось ?),text,
92,154074,2021-06-29 12:14:48+00:00,PeerUser(user_id=511986933),391370223,,"До речі, дивився я по дорозі додому захисти дипломів. То мені здається дуже важливим у тому є supervisor, а Олеся брати чи Фаренюка така собі ідея бо вони дуже загружені",text,
93,154070,2021-06-29 10:31:45+00:00,PeerUser(user_id=511986933),391370223,,Цікавий грузин,text,
94,154069,2021-06-29 10:31:19+00:00,,511986933,,Ага де низ,text,
95,154068,2021-06-29 10:31:03+00:00,PeerUser(user_id=511986933),391370223,,'Деніз' ?),text,
96,154067,2021-06-29 10:23:26+00:00,,511986933,,Тебе теж так будуть називати в епамі,text,
97,154066,2021-06-29 10:22:47+00:00,,511986933,"MessageFwdHeader(date=datetime.datetime(2021, 6, 29, 10, 3, 22, tzinfo=datetime.timezone.utc), imported=False, from_id=PeerUser(user_id=361542046), from_name=None, channel_post=None, post_author=None, saved_from_peer=None, saved_from_msg_id=None, psa_type=None)",Ні),text,
98,154065,2021-06-29 10:22:47+00:00,,511986933,"MessageFwdHeader(date=datetime.datetime(2021, 6, 29, 10, 3, 13, tzinfo=datetime.timezone.utc), imported=False, from_id=PeerUser(user_id=391370223), from_name=None, channel_post=None, post_author=None, saved_from_peer=None, saved_from_msg_id=None, psa_type=None)",А Віталіїв у вас декілька ?,text,
99,154064,2021-06-29 10:22:47+00:00,,511986933,"MessageFwdHeader(date=datetime.datetime(2021, 6, 29, 10, 1, 42, tzinfo=datetime.timezone.utc), imported=False, from_id=PeerUser(user_id=361542046), from_name=None, channel_post=None, post_author=None, saved_from_peer=None, saved_from_msg_id=None, psa_type=None)",Ба,text,
100,154063,2021-06-29 10:22:47+00:00,,511986933,"MessageFwdHeader(date=datetime.datetime(2021, 6, 29, 9, 58, 6, tzinfo=datetime.timezone.utc), imported=False, from_id=PeerUser(user_id=391370223), from_name=None, channel_post=None, post_author=None, saved_from_peer=None, saved_from_msg_id=None, psa_type=None)",А хто він по масті ?,text,
101,154062,2021-06-29 10:22:47+00:00,,511986933,"MessageFwdHeader(date=datetime.datetime(2021, 6, 29, 9, 56, 47, tzinfo=datetime.timezone.utc), imported=False, from_id=PeerUser(user_id=361542046), from_name=None, channel_post=None, post_author=None, saved_from_peer=None, saved_from_msg_id=None, psa_type=None)",Це отой грузин,text,
102,154061,2021-06-29 10:22:47+00:00,,511986933,"MessageFwdHeader(date=datetime.datetime(2021, 6, 29, 9, 56, 41, tzinfo=datetime.timezone.utc), imported=False, from_id=PeerUser(user_id=361542046), from_name=None, channel_post=None, post_author=None, saved_from_peer=None, saved_from_msg_id=None, psa_type=None)",Це робоча пошта,text,
103,154060,2021-06-29 10:22:47+00:00,,511986933,"MessageFwdHeader(date=datetime.datetime(2021, 6, 29, 9, 50, 49, tzinfo=datetime.timezone.utc), imported=False, from_id=PeerUser(user_id=361542046), from_name=None, channel_post=None, post_author=None, saved_from_peer=None, saved_from_msg_id=None, psa_type=None)",,photo,
104,154059,2021-06-29 10:22:47+00:00,,511986933,"MessageFwdHeader(date=datetime.datetime(2021, 6, 29, 9, 54, 15, tzinfo=datetime.timezone.utc), imported=False, from_id=PeerUser(user_id=361542046), from_name=None, channel_post=None, post_author=None, saved_from_peer=None, saved_from_msg_id=None, psa_type=None)",Як тобі,text,
105,154048,2021-06-28 19:28:33+00:00,,511986933,,Ок,text,
106,154047,2021-06-28 19:22:08+00:00,PeerUser(user_id=511986933),391370223,,можеш мені пліз  скинути 75 грн на картку монобанку,text,
107,154046,2021-06-28 19:21:49+00:00,PeerUser(user_id=511986933),391370223,,я там тільки що за нет заплатив.,text,
108,153935,2021-06-27 08:41:01+00:00,,511986933,,Години через 3 буду,text,
109,153934,2021-06-27 08:37:23+00:00,PeerUser(user_id=511986933),391370223,,А щодо цього як ?),text,
110,153927,2021-06-27 08:21:21+00:00,,511986933,,Завтра в обід норм,text,
111,153926,2021-06-27 07:49:17+00:00,PeerUser(user_id=511986933),391370223,,І ще я думаю з власником сьогодні побалакати щоб домовитися на завтра підписати договір. То у тебе завтра десь в обід вийде ? Чи коли у тебе завтра точно не вийде щоб я не планував на той час,text,
112,153925,2021-06-27 07:39:37+00:00,PeerUser(user_id=511986933),391370223,,Привіт Макс! А ти коли сьогодні приїжджаєш ?,text,
113,153219,2021-06-19 20:11:26+00:00,,511986933,,"Окей, чекну)",text,
114,153218,2021-06-19 20:02:51+00:00,PeerUser(user_id=511986933),391370223,,може просто цікаво бути,text,
115,153217,2021-06-19 20:02:45+00:00,PeerUser(user_id=511986933),391370223,,це мій друг написав,text,
116,153216,2021-06-19 20:02:37+00:00,PeerUser(user_id=511986933),391370223,,щось у мене багато знайомих музику пишуть)),text,
117,153215,2021-06-19 20:02:20+00:00,PeerUser(user_id=511986933),391370223,,https://www.youtube.com/watch?v=sRaNSXqMuhw,photo,
118,153148,2021-06-19 11:55:27+00:00,,511986933,,590-185,text,
119,153072,2021-06-18 13:22:51+00:00,PeerUser(user_id=511986933),391370223,,"а, точно",text,
120,153071,2021-06-18 13:22:37+00:00,,511986933,,25-27,text,
121,153070,2021-06-18 13:21:37+00:00,PeerUser(user_id=511986933),391370223,,а коли ти в Буковель їдеш ?,text,
122,153069,2021-06-18 13:21:20+00:00,PeerUser(user_id=511986933),391370223,,там навіть є резинові перчатки для того,text,
123,153068,2021-06-18 13:20:42+00:00,,511986933,,Просто ванну і трон ніяк не зберуся протерти,text,
124,153067,2021-06-18 13:20:23+00:00,PeerUser(user_id=511986933),391370223,,так,text,
125,153066,2021-06-18 13:20:15+00:00,,511986933,,А в нас є мочалки і миюче що можна було б для ванної використати ?,text,
126,153065,2021-06-18 13:20:06+00:00,PeerUser(user_id=511986933),391370223,,зубну пастуне треба ?),text,
127,153064,2021-06-18 13:19:50+00:00,,511986933,,Та наче не треба нічого,text,
128,153063,2021-06-18 13:19:40+00:00,PeerUser(user_id=511986933),391370223,,тобі нічого не треба купити ?,text,
129,153062,2021-06-18 13:19:25+00:00,,511986933,,Ок,text,
130,153060,2021-06-18 13:15:34+00:00,PeerUser(user_id=511986933),391370223,,Ок якщо я порошок 1 на двох куплю? Просто задовбався по малій пачкі купувати),text,
131,153059,2021-06-18 13:14:55+00:00,PeerUser(user_id=511986933),391370223,,Я там завтра в Кінгскрос збираюся то якщо треба щось то ти кажи -- може купити),text,
132,153031,2021-06-18 07:37:38+00:00,PeerUser(user_id=511986933),391370223,,дкую що написав,text,
133,153030,2021-06-18 07:37:34+00:00,PeerUser(user_id=511986933),391370223,,тут прохолодніше та точно траблів не трапиться,text,
134,153029,2021-06-18 07:37:22+00:00,PeerUser(user_id=511986933),391370223,,я краще в уку посижу)),text,
135,153028,2021-06-18 07:37:12+00:00,PeerUser(user_id=511986933),391370223,,та хай,text,
136,153027,2021-06-18 07:36:55+00:00,,511986933,,Вже є інтернет,text,
137,153026,2021-06-18 07:12:12+00:00,,511986933,,І кнопку тут якусь ще нажимав,text,
138,153025,2021-06-18 07:12:01+00:00,,511986933,,"Так, багато разів",text,
139,153024,2021-06-18 07:11:37+00:00,PeerUser(user_id=511986933),391370223,,Воно там знову про той порт свариться що непідконекчено,text,
140,153023,2021-06-18 07:11:21+00:00,PeerUser(user_id=511986933),391370223,,Може в тому проблема,text,
141,153022,2021-06-18 07:11:14+00:00,PeerUser(user_id=511986933),391370223,,А ти шнур висував та встаіляв назад ?,text,
142,153017,2021-06-18 06:44:07+00:00,PeerUser(user_id=511986933),391370223,,мабуть там та сама проблема що і раніше була,text,
143,153016,2021-06-18 06:43:55+00:00,PeerUser(user_id=511986933),391370223,,просто він зник,text,
144,153015,2021-06-18 06:43:50+00:00,PeerUser(user_id=511986933),391370223,,Привіт! Можеш пліз інет перегрузити,text,
145,152998,2021-06-17 20:10:01+00:00,PeerUser(user_id=511986933),391370223,,а до речі яке у вас завдання було на лабі по девопсу із цим service bus ?,text,
146,152997,2021-06-17 19:03:25+00:00,PeerUser(user_id=511986933),391370223,,по цьому туторіалу робив — https://docs.microsoft.com/en-us/azure/service-bus-messaging/service-bus-python-how-to-use-queues,photo,
147,152996,2021-06-17 19:02:40+00:00,PeerUser(user_id=511986933),391370223,,ви по любому мали сетапити її,text,
148,152995,2021-06-17 19:02:32+00:00,PeerUser(user_id=511986933),391370223,,Така помилка — Authentication Put-Token failed. Retries exhausted.,text,
149,152994,2021-06-17 19:02:22+00:00,PeerUser(user_id=511986933),391370223,,"Макс, ти ж service bus працював ? Ти не памятаєш як вигладала ваша connection string ? Я знайшов тут ці connection strings але вони обі не працюють",text,
150,152931,2021-06-16 22:48:57+00:00,,511986933,,"В шафі зліва знизу на полиці наче лежить, можеш глянути",text,
151,152930,2021-06-16 22:34:16+00:00,PeerUser(user_id=511986933),391370223,,Я просто чув колись що Аліса голову якось сушила,text,
152,152929,2021-06-16 22:33:52+00:00,PeerUser(user_id=511986933),391370223,,"Макс, у тебе часом фена немає ?)",text,
153,152917,2021-06-16 19:38:48+00:00,PeerUser(user_id=511986933),391370223,,ну і більше 3 баксів воно не зніме бо у мене ліміт інтернет оплат)),text,
154,152916,2021-06-16 19:38:33+00:00,PeerUser(user_id=511986933),391370223,,думаю небагато баксів вийде,text,
155,152915,2021-06-16 19:38:23+00:00,PeerUser(user_id=511986933),391370223,,завтра з тим тоді вже розберемося. Я зараз спробую за свої гроші там погратися,text,
156,152914,2021-06-16 19:34:42+00:00,PeerUser(user_id=511986933),391370223,,добре,text,
157,152913,2021-06-16 19:34:14+00:00,,511986933,,А то там паролі і вся фігня,text,
158,152912,2021-06-16 19:34:06+00:00,,511986933,,Потім з цим розберуся як тобі його передати,text,
159,152911,2021-06-16 19:33:37+00:00,PeerUser(user_id=511986933),391370223,,я там нічого дуже великого не буду відкривати,text,
160,152910,2021-06-16 19:33:21+00:00,PeerUser(user_id=511986933),391370223,,а по старому просить 29 баксів за місяць,text,
161,152909,2021-06-16 19:33:09+00:00,PeerUser(user_id=511986933),391370223,,і я не можу новий відкрити,text,
162,152908,2021-06-16 19:33:00+00:00,PeerUser(user_id=511986933),391370223,,просто у мене оба акаунти зареєстровані оказалися,text,
163,152907,2021-06-16 19:32:47+00:00,PeerUser(user_id=511986933),391370223,,"Макс, можна твій акаунт все таки використати ?",text,
164,152893,2021-06-16 16:06:10+00:00,PeerUser(user_id=511986933),391370223,,"круто, добре",text,
165,152892,2021-06-16 16:05:55+00:00,,511986933,,"Десь так, вистачило",text,
166,152891,2021-06-16 16:05:42+00:00,,511986933,,Думаю нічого. По ходу це окремо дається і не впливає,text,
167,152890,2021-06-16 16:03:42+00:00,PeerUser(user_id=511986933),391370223,,нічого страшного що я зараз використаю ті 200 баксів а потім курс по ДевОпсу візьму ?,text,
168,152889,2021-06-16 16:03:14+00:00,PeerUser(user_id=511986933),391370223,,тому там зарєгатися,text,
169,152888,2021-06-16 16:02:59+00:00,PeerUser(user_id=511986933),391370223,,просто я от зараз думав потренуватися на ажурі щось запустити,text,
170,152887,2021-06-16 16:02:44+00:00,PeerUser(user_id=511986933),391370223,,десь 100 баксів ?,text,
171,152886,2021-06-16 16:02:40+00:00,PeerUser(user_id=511986933),391370223,,а скільки вам кредитів давали ?,text,
172,152885,2021-06-16 16:02:31+00:00,PeerUser(user_id=511986933),391370223,,"о, тоді круто",text,
173,152884,2021-06-16 16:02:12+00:00,,511986933,,Це від уку короче,text,
174,152883,2021-06-16 16:02:02+00:00,,511986933,,Це з пошти уку треба було реєструватися і тоді були на довше наче,text,
175,152882,2021-06-16 16:01:35+00:00,,511986933,,Взагалі нам від уку дали кредити,text,
176,152881,2021-06-16 16:01:26+00:00,PeerUser(user_id=511986933),391370223,,нє ну а коли почав ?,text,
177,152880,2021-06-16 16:01:14+00:00,,511986933,,"А, ну може 200",text,
178,152879,2021-06-16 16:00:57+00:00,PeerUser(user_id=511986933),391370223,,там просто на 30 днів дають 200 баксів,text,
179,152878,2021-06-16 16:00:40+00:00,PeerUser(user_id=511986933),391370223,,а коли ти на ажурі почав щось там робити ?,text,
180,152847,2021-06-16 13:19:10+00:00,PeerUser(user_id=511986933),391370223,"MessageFwdHeader(date=datetime.datetime(2021, 6, 14, 12, 13, 31, tzinfo=datetime.timezone.utc), imported=False, from_id=PeerUser(user_id=511986933), from_name=None, channel_post=None, post_author=None, saved_from_peer=None, saved_from_msg_id=None, psa_type=None)",Він реально 15 баксів на юдемі коштує),text,
181,152846,2021-06-16 13:19:10+00:00,PeerUser(user_id=511986933),391370223,"MessageFwdHeader(date=datetime.datetime(2021, 6, 14, 12, 13, 19, tzinfo=datetime.timezone.utc), imported=False, from_id=PeerUser(user_id=511986933), from_name=None, channel_post=None, post_author=None, saved_from_peer=None, saved_from_msg_id=None, psa_type=None)",Ти до речі зверни увагу на цей курс,text,
182,152845,2021-06-16 13:19:10+00:00,PeerUser(user_id=511986933),391370223,"MessageFwdHeader(date=datetime.datetime(2021, 6, 13, 22, 20, 37, tzinfo=datetime.timezone.utc), imported=False, from_id=PeerUser(user_id=511986933), from_name=None, channel_post=None, post_author=None, saved_from_peer=None, saved_from_msg_id=None, psa_type=None)",має бути щось норм,text,
183,152844,2021-06-16 13:19:10+00:00,PeerUser(user_id=511986933),391370223,"MessageFwdHeader(date=datetime.datetime(2021, 6, 13, 22, 20, 31, tzinfo=datetime.timezone.utc), imported=False, from_id=PeerUser(user_id=511986933), from_name=None, channel_post=None, post_author=None, saved_from_peer=None, saved_from_msg_id=None, psa_type=None)",в оригіналі ось він — https://www.udemy.com/course/taming-big-data-with-apache-spark-hands-on/,photo,
184,152843,2021-06-16 13:19:10+00:00,PeerUser(user_id=511986933),391370223,"MessageFwdHeader(date=datetime.datetime(2021, 6, 13, 22, 20, 23, tzinfo=datetime.timezone.utc), imported=False, from_id=PeerUser(user_id=511986933), from_name=None, channel_post=None, post_author=None, saved_from_peer=None, saved_from_msg_id=None, psa_type=None)",вроді якийсь злитий курс по спарку та пайтону знайшов,text,
185,152842,2021-06-16 13:19:10+00:00,PeerUser(user_id=511986933),391370223,"MessageFwdHeader(date=datetime.datetime(2021, 6, 13, 22, 20, 6, tzinfo=datetime.timezone.utc), imported=False, from_id=PeerUser(user_id=511986933), from_name=None, channel_post=None, post_author=None, saved_from_peer=None, saved_from_msg_id=None, psa_type=None)",https://freecoursesite.com/taming-big-data-with-apache-spark-and-python-hands-on-3/,text,
186,152668,2021-06-13 20:57:32+00:00,PeerUser(user_id=511986933),391370223,,Ти казав вам якось не дуже розповідали а я хотів спробувати),text,
187,152667,2021-06-13 20:57:13+00:00,PeerUser(user_id=511986933),391370223,,"Макс, а по чому ти Spark учив ?",text,
188,152597,2021-06-13 11:35:19+00:00,PeerUser(user_id=511986933),391370223,,Sana67890,text,
189,152207,2021-06-11 16:42:08+00:00,PeerUser(user_id=511986933),391370223,"MessageFwdHeader(date=datetime.datetime(2021, 6, 11, 13, 35, 15, tzinfo=datetime.timezone.utc), imported=False, from_id=PeerUser(user_id=138918380), from_name=None, channel_post=None, post_author=None, saved_from_peer=None, saved_from_msg_id=None, psa_type=None)",http://46.101.230.30/,text,
190,151569,2021-06-09 09:46:36+00:00,,511986933,,прикольно,text,
191,151564,2021-06-09 09:45:19+00:00,PeerUser(user_id=511986933),391370223,,тільки прайс за самі машини,text,
192,151563,2021-06-09 09:45:10+00:00,PeerUser(user_id=511986933),391370223,,у нас віртуалки з дисковою памятю тому воно мабуть не має багато знімати,text,
193,151557,2021-06-09 09:41:13+00:00,PeerUser(user_id=511986933),391370223,"MessageFwdHeader(date=datetime.datetime(2021, 6, 9, 9, 37, 57, tzinfo=datetime.timezone.utc), imported=False, from_id=PeerUser(user_id=511986933), from_name=None, channel_post=None, post_author=None, saved_from_peer=None, saved_from_msg_id=None, psa_type=None)",https://www.linode.com/docs/products/storage/object-storage/,photo,
194,151556,2021-06-09 09:41:13+00:00,PeerUser(user_id=511986933),391370223,"MessageFwdHeader(date=datetime.datetime(2021, 6, 9, 9, 37, 55, tzinfo=datetime.timezone.utc), imported=False, from_id=PeerUser(user_id=511986933), from_name=None, channel_post=None, post_author=None, saved_from_peer=None, saved_from_msg_id=None, psa_type=None)",,photo,
195,151555,2021-06-09 09:41:12+00:00,PeerUser(user_id=511986933),391370223,,та щось небагато знімає,text,
196,149873,2021-06-04 10:05:22+00:00,PeerUser(user_id=511986933),391370223,,"Ага, окей. Ну в нд я вдома буду",text,
197,149872,2021-06-04 10:04:26+00:00,,511986933,,"Окей, ключ є. Я буду в неділю десь о 15",text,
198,149871,2021-06-04 10:00:44+00:00,PeerUser(user_id=511986933),391370223,,У тебе ж ключ є думаю,text,
199,149870,2021-06-04 10:00:35+00:00,PeerUser(user_id=511986933),391370223,,привіт Макс! ну що чи ти брав білети ? Просто мене у сб у другій половині дня не буде вдома — на день народження йду) Десь близько до 21.00 повернусь. Тому перепитую,text,
200,149556,2021-06-02 10:24:10+00:00,PeerUser(user_id=511986933),391370223,,"та, звісно",text,
201,149555,2021-06-02 10:22:23+00:00,,511986933,,"Та просто я колись давно грав, думав попросити тебе якось побринькати)",text,
202,149554,2021-06-02 10:14:46+00:00,PeerUser(user_id=511986933),391370223,,а що ?,text,
203,149553,2021-06-02 10:14:33+00:00,,511986933,,"Ну да, тепер Фаренюк не дає)",text,
204,149552,2021-06-02 10:14:17+00:00,PeerUser(user_id=511986933),391370223,,проте ось під час навчання не виходило,text,
205,149551,2021-06-02 10:14:06+00:00,PeerUser(user_id=511986933),391370223,,я колись грав улітку,text,
206,149550,2021-06-02 10:14:00+00:00,PeerUser(user_id=511986933),391370223,,ну так),text,
207,149549,2021-06-02 10:13:51+00:00,,511986933,,А в тебе в кімнаті гітара є ? Я просто щось таке бачив,text,
208,149548,2021-06-02 10:11:21+00:00,,511986933,,"Може в суботу. Але ще квитки не купив, подумаю ще",text,
209,149547,2021-06-02 10:04:21+00:00,PeerUser(user_id=511986933),391370223,,що ти до речі коли повертатися думав ?),text,
210,149546,2021-06-02 10:03:48+00:00,PeerUser(user_id=511986933),391370223,,окей. Дякую! Напишу йому тоді,text,
211,149545,2021-06-02 09:06:45+00:00,,511986933,,Відправив йому 4500,text,
212,149543,2021-06-02 08:23:27+00:00,,511986933,,"Так, пам'ятаю. Скину трохи пізніше",text,
213,149542,2021-06-02 08:20:41+00:00,PeerUser(user_id=511986933),391370223,,Привіт Макс! Там же ж сьогодні чи завтра треба буде гроші за квартиру перерахувати. Пишу про всяк випадок),text,
214,148797,2021-05-29 10:14:49+00:00,PeerUser(user_id=511986933),391370223,,Бачу дякую!,text,
215,148796,2021-05-29 10:14:23+00:00,,511986933,,"Ок, кинув",text,
216,148792,2021-05-29 09:59:00+00:00,PeerUser(user_id=511986933),391370223,,поповнив зараньше перед екзаменами,text,
217,148791,2021-05-29 09:58:22+00:00,PeerUser(user_id=511986933),391370223,,можеш 60 грн мені скинути на монобанк,text,
218,148790,2021-05-29 09:58:10+00:00,PeerUser(user_id=511986933),391370223,,привіт Макс! я там рахунок інтернету поповнив на 120 грн,photo,
219,148279,2021-05-27 12:31:46+00:00,PeerUser(user_id=511986933),391370223,,він коронавірусом просто хворів тому і не приїжджав,text,
220,148274,2021-05-27 12:11:58+00:00,,511986933,,"Думав він вже не приїде, а то ще з зими обіцяв заїхати",text,
221,148273,2021-05-27 12:11:34+00:00,,511986933,,"Ахах, добре, дякую",text,
222,148269,2021-05-27 12:06:09+00:00,PeerUser(user_id=511986933),391370223,,Привіт Макс! Там хазяїн приїжджав та книги привозив. Я там все у тебе в кімнаті трошки акуратніше поскладав. Тому не дивуйся що речі на столі будуть трошки не на тих місцях на яких ти залишав),text,
223,148166,2021-05-26 13:27:42+00:00,PeerUser(user_id=511986933),391370223,,Окей,text,
224,148165,2021-05-26 13:21:05+00:00,,511986933,,"Поки ще не знаю, але мабуть на наступних",text,
225,148164,2021-05-26 13:16:23+00:00,PeerUser(user_id=511986933),391370223,,Привіт Макс! Ти на цих чи на наступних вихідних повертаєшся ?),text,
226,147688,2021-05-24 12:56:46+00:00,PeerUser(user_id=511986933),391370223,,Дякую),text,
227,147687,2021-05-24 12:55:22+00:00,,511986933,,Удачі),text,
228,147686,2021-05-24 12:55:19+00:00,,511986933,,Окей,text,
229,147685,2021-05-24 12:53:06+00:00,PeerUser(user_id=511986933),391370223,,"Макс, можна у тебк ложечку експресо взяти ?) Там просто іспит по АКС завтра то треба трошки)",text,
230,147632,2021-05-24 10:20:57+00:00,PeerUser(user_id=511986933),391370223,,ага. Дрбре тепер я вшарив. Дякую!!!,text,
231,147611,2021-05-24 09:09:27+00:00,,511986933,,А так то ці питання що на скріні теж були. Він просить намалювати на листочку і відправити йому в слек. Потім ти йому коментуєш що там відбувається поки він дивиться на картинку,text,
232,147610,2021-05-24 09:08:25+00:00,,511986933,,"Щодо схеми, то було ото про DRAM, що я розказував. Є шина даних в скількись біт і намалювати драм для неї",text,
233,147609,2021-05-24 09:03:05+00:00,PeerUser(user_id=511986933),391370223,,питання поки закреслені бо він не сказав які саме будуть,text,
234,147608,2021-05-24 09:02:46+00:00,PeerUser(user_id=511986933),391370223,,,photo,
235,147607,2021-05-24 09:02:34+00:00,PeerUser(user_id=511986933),391370223,,ось ті запитання що у вас були але тут про схеми ніякі не згадано а нам Френюк казав що буде треба намалювати якусь схему,photo,
236,147606,2021-05-24 09:01:02+00:00,PeerUser(user_id=511986933),391370223,,Привіт Макс! А можеш сказати а якого роду запитання у вас були по АКС з практичних по теоретичній частині ? Мені просто цікаво як він може попросити намалювати схему якщо впринципі це онлайн),text,
237,146833,2021-05-22 08:48:07+00:00,PeerUser(user_id=511986933),391370223,,"та нічого, я викину",text,
238,146832,2021-05-22 08:47:46+00:00,,511986933,,"Ага, треба їх викинути, я просто поспішав забув, сорі)",text,
239,146831,2021-05-22 08:47:10+00:00,,511986933,,"Привіт, от щойно доїхав",text,
240,146830,2021-05-22 08:43:13+00:00,PeerUser(user_id=511986933),391370223,,"Там у холодильнику що твої молоко, йогурт, імбир та якась каша у лоточку залишилися -- то мені їж можна викинути ?) Просто термін придатності у них точно вийде а сміття я скоро збирався виносити",text,
241,146829,2021-05-22 08:41:54+00:00,PeerUser(user_id=511986933),391370223,,Привіт Макс! Ну що ти вже там до Києва доїхав?),text,
242,145948,2021-05-16 07:09:30+00:00,,511986933,,Добре,text,
243,145947,2021-05-16 07:07:14+00:00,PeerUser(user_id=511986933),391370223,,Привіт Макс! Я вже сьогодні повертаюсь до Львова. Десь близько 21.00 буду на квартирі. Думаю просто скажу),text,
244,145686,2021-05-14 17:50:02+00:00,,511986933,,Ба з 3 курсу. Андрій Шкредко,text,
245,145683,2021-05-14 17:47:50+00:00,PeerUser(user_id=511986933),391370223,,цікаво а хто другий?),text,
246,145682,2021-05-14 17:47:26+00:00,,511986933,,"Це в рамках того, що я кидав взяли 4 людей. З них 2 з уку",text,
247,145672,2021-05-14 16:57:28+00:00,PeerUser(user_id=511986933),391370223,,ти якщо що кажи можу зацікавитись),text,
248,145671,2021-05-14 16:57:14+00:00,PeerUser(user_id=511986933),391370223,,а що у вас ще один якийсь набір був ?,text,
249,145670,2021-05-14 16:56:57+00:00,PeerUser(user_id=511986933),391370223,,а я то думаю. чому він так останім часом ак мало по проекту став робити — сам тащу в основному),text,
250,145669,2021-05-14 16:55:16+00:00,,511986933,,Він ще й в гріді тепер інтерн,text,
251,145665,2021-05-14 16:05:17+00:00,PeerUser(user_id=511986933),391370223,,ти раст вирішив підучити ?),text,
252,145664,2021-05-14 16:05:04+00:00,PeerUser(user_id=511986933),391370223,,а що ?,text,
253,145663,2021-05-14 16:05:03+00:00,PeerUser(user_id=511986933),391370223,,я з ним в елексі зараз у проекті разом працюємо,text,
254,145662,2021-05-14 16:04:51+00:00,PeerUser(user_id=511986933),391370223,,Макс Кузишин,text,
255,145661,2021-05-14 16:04:47+00:00,PeerUser(user_id=511986933),391370223,,та в нас таких не один),text,
256,145660,2021-05-14 15:51:53+00:00,,511986933,,А що за чел Макс на расті у вас писав ?,text,
257,145207,2021-05-11 20:06:28+00:00,PeerUser(user_id=511986933),391370223,,у мене колись також таке було що коли я в рубільник поліз то не допомагало а потім після цього зявився швидко,text,
258,145206,2021-05-11 20:05:40+00:00,,511986933,,"Спочатку не допомогло, але тепер з'явився. Дякую",text,
259,145205,2021-05-11 19:54:08+00:00,,511986933,,"Окей, спробую",text,
260,145204,2021-05-11 19:53:56+00:00,PeerUser(user_id=511986933),391370223,,просто виключи а потім включи,text,
261,145203,2021-05-11 19:53:47+00:00,PeerUser(user_id=511986933),391370223,,а може подивися при вході зліва у рубільнику,text,
262,145202,2021-05-11 19:53:29+00:00,PeerUser(user_id=511986933),391370223,,не казав,text,
263,145201,2021-05-11 19:53:14+00:00,,511986933,,"Щось в хаті вже 5 годин нема світла. Власник нічого не казав, що таке може бути ?",text,
264,144788,2021-05-09 17:58:14+00:00,,511986933,,"Бачу, добре дякую",text,
265,144787,2021-05-09 17:48:55+00:00,PeerUser(user_id=511986933),391370223,,скинув гроші вже,text,
266,144786,2021-05-09 17:47:38+00:00,PeerUser(user_id=511986933),391370223,,я зрозумів),text,
267,144785,2021-05-09 17:46:08+00:00,,511986933,,"Я тут купив порошок за 42грн, а то той закінчився якщо шо",text,
268,144682,2021-05-08 16:04:08+00:00,PeerUser(user_id=511986933),391370223,,окей. дякую! просто вирішив уточнити),text,
269,144681,2021-05-08 15:59:36+00:00,,511986933,,"Так, всі були фул тайм весь час. На 3 курсі нормально",text,
270,144680,2021-05-08 15:48:09+00:00,PeerUser(user_id=511986933),391370223,,Тарас та Дініс також фул тайм були весь час ?,text,
271,144679,2021-05-08 15:47:37+00:00,PeerUser(user_id=511986933),391370223,,Це до питання чи можна на третьому курсі поєднувати фул тайм та навчання ?,text,
272,144678,2021-05-08 15:47:05+00:00,PeerUser(user_id=511986933),391370223,,Привіт Макс!) Скажи а ти ж фул тайм працював на третьому курсі весь час ? Чи тільки з другого семестру ?,text,
273,144635,2021-05-07 22:55:03+00:00,,511986933,,Окей),text,
274,144628,2021-05-07 21:38:39+00:00,PeerUser(user_id=511986933),391370223,,Тому не сумуй),text,
275,144627,2021-05-07 21:38:30+00:00,PeerUser(user_id=511986933),391370223,,"Привіт Макс! Хотів тобі сказати що я ще на тиждень вжома залишуся та повернуся до Львова десь на наступних вихідних. У нас просто багато чого по навчанню навалилося, тому втрачати день на переїзд дуже дорого) Ну і вдома хоч пару тижнів побуду",text,
276,144187,2021-05-06 16:14:18+00:00,,511986933,,Ну можемо до кінця літа продовжити якщо саме питання про літо,text,
277,144141,2021-05-06 12:10:33+00:00,PeerUser(user_id=511986933),391370223,,"він просто поки питає, бо його вже питають за квартиру. Ну думаю сьогодні було б добре вирішити просто чи будемо продовжувати знімати. Але поки дату до коли не треба казати",text,
278,144140,2021-05-06 12:09:00+00:00,,511986933,,Коли це треба вирішити ?,text,
279,144139,2021-05-06 12:06:49+00:00,PeerUser(user_id=511986933),391370223,,"йому просто там щось телефонують вже щодо квартири каже на літо, тому запитує",text,
280,144138,2021-05-06 12:06:24+00:00,PeerUser(user_id=511986933),391370223,,маю уточнити щоб не говорити за двох свою думку,text,
281,144137,2021-05-06 12:06:05+00:00,PeerUser(user_id=511986933),391370223,,привіт Макс! мене зранку власник запитав щодо того чи будемо ми далі квартиру продовжувати знімати. Я то точно за  а ти як настроїний ?),text,
282,143252,2021-05-02 17:43:09+00:00,,511986933,,Прокатить багато де,text,
283,143251,2021-05-02 17:37:35+00:00,PeerUser(user_id=511986933),391370223,,я так і збирався зробити) проте цікаво було чи прокатить,text,
284,143250,2021-05-02 17:35:21+00:00,,511986933,,"Забий на рік досвіду. Кажи, що в тебе були ""некомерційні проекти"". Так можна і проекти в університеті називати",text,
285,143233,2021-05-02 14:05:43+00:00,PeerUser(user_id=511986933),391370223,,просто цікаво як вони це перевіряють. Тільки теорією у DS ?,text,
286,143232,2021-05-02 14:05:15+00:00,PeerUser(user_id=511986933),391370223,,"знаєш, я тільки що подивився вакансії то там від 1 року в основному на роботу беруть. А ти подавався на роботу типу сказавши що маєш уже рік досвіду?)",text,
287,143218,2021-05-02 11:36:50+00:00,PeerUser(user_id=511986933),391370223,,cool. ДЯкую),text,
288,143217,2021-05-02 11:36:27+00:00,,511986933,,"На ворк юа, доу юа і джині теж норм",text,
289,143196,2021-05-02 10:31:13+00:00,PeerUser(user_id=511986933),391370223,,А ти шукав роботу на djinni та ворк юа ? Я просто також думаю коль канікули трошки цьому часу приділити і можливо розбируся з різними вакансіями щоб зрозуміти чи вартує залишатися в Елексі далі вже працювати чи ні,text,
290,143184,2021-05-01 21:30:59+00:00,,511986933,,Туди вже набрали інтернів. Буду з ними можливо на цьому тижні знайомитись,text,
291,143125,2021-05-01 18:44:05+00:00,PeerUser(user_id=511986933),391370223,,"До речі, я пам'ятаю ти кидав колись офер на інтернатуру в своїй компанії. То чи вона ще актуальна ти не знаєш ?",text,
292,143035,2021-05-01 14:07:46+00:00,PeerUser(user_id=511986933),391370223,,добре,text,
293,143034,2021-05-01 14:07:33+00:00,,511986933,,Ми 8 зранку будемо,text,
294,143033,2021-05-01 14:06:19+00:00,PeerUser(user_id=511986933),391370223,,привіт! а ви до речі коли додому повертаєтеся до Львова ? я білет на 9 травня взяв і десь о 21.00 буду на квартирі,text,
295,142915,2021-04-30 21:08:20+00:00,,511986933,,Дякую),text,
296,142910,2021-04-30 21:02:59+00:00,PeerUser(user_id=511986933),391370223,,хорошого  відпочинку вам тоді),text,
297,142909,2021-04-30 21:02:39+00:00,PeerUser(user_id=511986933),391370223,,то головне. ну ти мощний звісно),text,
298,142908,2021-04-30 21:00:48+00:00,,511986933,,Та ледве встиг все. Але встиг,text,
299,142907,2021-04-30 20:56:07+00:00,PeerUser(user_id=511986933),391370223,,Ти там ще живий?),text,
300,142906,2021-04-30 20:56:00+00:00,PeerUser(user_id=511986933),391370223,,А як там твои дедлайни ?,text,
301,142905,2021-04-30 20:55:54+00:00,PeerUser(user_id=511986933),391370223,,"Та, я вжк о 16.15 вдома був. А виїхав о 6.02 зі Львова",text,
302,142904,2021-04-30 20:55:12+00:00,,511986933,,Ти доїхав ?,text,
303,142903,2021-04-30 20:55:06+00:00,,511986933,,Добре,text,
304,142902,2021-04-30 20:54:52+00:00,PeerUser(user_id=511986933),391370223,,Не забудь виключити все з розеток та кран у ванній перекрити) Ну і удачно вам долетіти,text,
305,142839,2021-04-30 14:32:37+00:00,PeerUser(user_id=511986933),391370223,,"бачу, прийшли",text,
306,142838,2021-04-30 14:31:45+00:00,,511986933,,Кинув,text,
307,142837,2021-04-30 14:17:41+00:00,PeerUser(user_id=511986933),391370223,,тільки що попвнив,photo,
308,142836,2021-04-30 14:13:26+00:00,PeerUser(user_id=511986933),391370223,,,photo,
309,142835,2021-04-30 14:13:25+00:00,PeerUser(user_id=511986933),391370223,,"привіт Макс! можеш мені на картку монобанку скинути 75 грн. Я інтернет тільки що оплатив, там по 150 грн кожного місяця знімає",text,
310,142508,2021-04-28 15:43:17+00:00,,511986933,,"Так, я кинув 4500",text,
311,142507,2021-04-28 15:41:57+00:00,PeerUser(user_id=511986933),391370223,,Що то ти за місяць заплатив,text,
312,142506,2021-04-28 15:41:47+00:00,PeerUser(user_id=511986933),391370223,,Ти вже скинув гроші власнику ? Я просто думав сказати йому,text,
313,137895,2021-04-02 20:59:05+00:00,PeerUser(user_id=511986933),391370223,,"та, читаю якраз",text,
314,137894,2021-04-02 20:58:32+00:00,,511986933,,до речі читай коментарі в цьому доку справа. Їх писав особисто Фаренюк,text,
315,137893,2021-04-02 20:57:58+00:00,PeerUser(user_id=511986933),391370223,,Фаренюк нас обрадував тільки що і сказав що мідтерм у чт буде а у вт у нас колоквіум по ЛА),text,
316,137892,2021-04-02 20:56:40+00:00,PeerUser(user_id=511986933),391370223,,🥳,sticker,
317,137890,2021-04-02 20:51:30+00:00,,511986933,,https://drive.google.com/file/d/1E3QEcD-9qxKpm89BXAxEXctWl0iCIN12/view?usp=sharing,text,
318,137889,2021-04-02 20:49:41+00:00,PeerUser(user_id=511986933),391370223,,Ну що тобі вдалося док знайти ?,text,
319,135362,2021-03-18 18:47:23+00:00,PeerUser(user_id=511986933),391370223,"MessageFwdHeader(date=datetime.datetime(2021, 3, 17, 17, 28, 19, tzinfo=datetime.timezone.utc), imported=False, from_id=PeerUser(user_id=731296316), from_name=None, channel_post=None, post_author=None, saved_from_peer=None, saved_from_msg_id=None, psa_type=None)",,photo,
320,135357,2021-03-18 17:57:32+00:00,,511986933,,"def seg_pred(img_file):
    # get segmentation mask from segmentation model
    with torch.no_grad():
        in_img = encoding.utils.load_image(img_file).unsqueeze(0)
        model_output = model.evaluate(in_img.to(device))
        seg_predict = torch.max(model_output, 1)[1].cpu().numpy() + 1
        return seg_predict",text,
321,135356,2021-03-18 17:57:12+00:00,,511986933,,import torch,text,
322,135355,2021-03-18 17:57:05+00:00,,511986933,,"device = torch.device(""cuda"" if torch.cuda.is_available() else ""cpu"")
model = encoding.models.get_model('DeepLab_ResNeSt200_ADE', pretrained=True)
model = model.to(device)
model.eval()",text,
323,135354,2021-03-18 17:54:46+00:00,,511986933,,"import encoding

encoding.models.get_model('DeepLab_ResNeSt200_ADE', pretrained=True)",text,
324,134579,2021-03-14 19:54:24+00:00,PeerUser(user_id=511986933),391370223,"MessageFwdHeader(date=datetime.datetime(2021, 3, 13, 20, 36, 19, tzinfo=datetime.timezone.utc), imported=False, from_id=PeerUser(user_id=404305043), from_name=None, channel_post=None, post_author=None, saved_from_peer=None, saved_from_msg_id=None, psa_type=None)",https://www.facebook.com/100003612720244/posts/2186677488129321/?substory_index=8,text,
325,134578,2021-03-14 19:54:24+00:00,PeerUser(user_id=511986933),391370223,"MessageFwdHeader(date=datetime.datetime(2021, 3, 13, 20, 34, 27, tzinfo=datetime.timezone.utc), imported=False, from_id=PeerUser(user_id=588178753), from_name=None, channel_post=None, post_author=None, saved_from_peer=None, saved_from_msg_id=None, psa_type=None)",Джерело?,text,
326,134577,2021-03-14 19:54:24+00:00,PeerUser(user_id=511986933),391370223,"MessageFwdHeader(date=datetime.datetime(2021, 3, 13, 20, 33, 59, tzinfo=datetime.timezone.utc), imported=False, from_id=PeerUser(user_id=404305043), from_name=None, channel_post=None, post_author=None, saved_from_peer=None, saved_from_msg_id=None, psa_type=None)",,photo,
327,134192,2021-03-12 19:10:49+00:00,PeerUser(user_id=511986933),391370223,,86 грн,text,
328,134191,2021-03-12 19:10:46+00:00,PeerUser(user_id=511986933),391370223,,Монобанк,text,
329,134190,2021-03-12 19:10:44+00:00,PeerUser(user_id=511986933),391370223,,5375414119224136,text,
330,134189,2021-03-12 19:06:37+00:00,,511986933,,ок,text,
331,134188,2021-03-12 19:06:31+00:00,PeerUser(user_id=511986933),391370223,,"Я купив, зайди коли звільнишся",text,
332,134187,2021-03-12 16:58:16+00:00,,511986933,,Олидетрим,text,
333,132925,2021-03-04 09:12:02+00:00,,511986933,"MessageFwdHeader(date=datetime.datetime(2021, 3, 4, 9, 9, 12, tzinfo=datetime.timezone.utc), imported=False, from_id=PeerUser(user_id=329148193), from_name=None, channel_post=None, post_author=None, saved_from_peer=None, saved_from_msg_id=None, psa_type=None)",,photo,
334,132904,2021-03-03 15:13:31+00:00,PeerUser(user_id=511986933),391370223,"MessageFwdHeader(date=datetime.datetime(2021, 2, 14, 14, 18, 58, tzinfo=datetime.timezone.utc), imported=False, from_id=PeerUser(user_id=547811138), from_name=None, channel_post=None, post_author=None, saved_from_peer=None, saved_from_msg_id=None, psa_type=None)",Дерень Олексанжр Романович,text,
335,132903,2021-03-03 15:13:19+00:00,PeerUser(user_id=511986933),391370223,"MessageFwdHeader(date=datetime.datetime(2021, 2, 14, 12, 30, 38, tzinfo=datetime.timezone.utc), imported=False, from_id=PeerUser(user_id=547811138), from_name=None, channel_post=None, post_author=None, saved_from_peer=None, saved_from_msg_id=None, psa_type=None)",5457082225399448,text,
336,132588,2021-02-27 15:32:56+00:00,PeerUser(user_id=511986933),391370223,,5375414119224136,text,
337,132581,2021-02-27 10:57:03+00:00,,511986933,"MessageFwdHeader(date=datetime.datetime(2021, 1, 10, 16, 11, 1, tzinfo=datetime.timezone.utc), imported=False, from_id=PeerUser(user_id=1130006291), from_name=None, channel_post=None, post_author=None, saved_from_peer=None, saved_from_msg_id=None, psa_type=None)",https://www.youtube.com/watch?v=8sJIGQzCjzQ,photo,
338,131393,2021-02-21 13:34:40+00:00,PeerUser(user_id=511986933),391370223,,Але поки не телефонував,text,
339,131392,2021-02-21 13:34:18+00:00,PeerUser(user_id=511986933),391370223,,Я скажу коли він мені зателефонує і коли домовимося про то,text,
340,131391,2021-02-21 13:34:06+00:00,PeerUser(user_id=511986933),391370223,,Ні,text,
341,131390,2021-02-21 12:08:46+00:00,,511986933,,"Привіт) будемо десь о 22. Трохи навчився, тут брат Аліси був, навчив, навіть на нормальних гірках катався. А власник сьогодні буде ?",text,
342,131387,2021-02-21 10:40:52+00:00,PeerUser(user_id=511986933),391370223,,Ти до речі на лижах уже навчився кататися ?),text,
343,131386,2021-02-21 10:40:03+00:00,PeerUser(user_id=511986933),391370223,,Привіт! То що ви сьогодні повертаєтеся ? Це десь котра буде ?,text,
344,131198,2021-02-19 11:18:50+00:00,,511986933,,Окей,text,
345,131166,2021-02-19 10:21:22+00:00,PeerUser(user_id=511986933),391370223,,якщо він на цих вихідних захоче  я буду  пробувати домовлятися на обід чи ранок),text,
346,131165,2021-02-19 10:20:31+00:00,PeerUser(user_id=511986933),391370223,,"не знаю, він сам має написати",text,
347,131164,2021-02-19 10:20:15+00:00,,511986933,,А власник коли буде ?,text,
348,131163,2021-02-19 10:19:42+00:00,PeerUser(user_id=511986933),391370223,,"добре, буду знати",text,
349,131157,2021-02-19 10:15:41+00:00,,511986933,,В неділю ввечері,text,
350,131155,2021-02-19 10:06:11+00:00,PeerUser(user_id=511986933),391370223,,привіт Макс! а коли ви назад повернетися орієнтовно ?,text,
351,130017,2021-02-14 19:25:58+00:00,PeerUser(user_id=511986933),391370223,,Я там хотів сказати що музику бажано увечері виключити. Просто щоб до нас сусіди не зайшли) я не впевнений у товщині наших стін,text,
352,129892,2021-02-14 13:44:42+00:00,,511986933,,"Та ні, раніше думаю",text,
353,129891,2021-02-14 13:43:49+00:00,PeerUser(user_id=511986933),391370223,,ти ж сьогодні також десь після 23.00 будеш ?,text,
354,129883,2021-02-14 12:44:25+00:00,,511986933,,https://docs.google.com/document/d/1J3dfKclI0U7ieIxhDOQ73PYBh98QobHKWa6RsG2XIlc/edit?usp=drivesdk,photo,
355,129877,2021-02-14 12:27:24+00:00,,511986933,,https://docs.google.com/document/d/1HLGef1vT1Cv4R9jHeC2rBDALxeirMVwkoSwn-mgSNi4/edit?usp=drivesdk,photo,
356,129717,2021-02-13 13:26:08+00:00,PeerUser(user_id=511986933),391370223,,добре,text,
357,129716,2021-02-13 13:25:59+00:00,,511986933,,Так) Але я ще зайду через годину не на довго,text,
358,129715,2021-02-13 13:24:09+00:00,PeerUser(user_id=511986933),391370223,,ну що ти все таки після 12 вечора сьогодні будеш ? щоб я не лякався що хтось вночі в квартиру пробирається😂,text,
359,129704,2021-02-13 10:59:33+00:00,,511986933,,"Окей, добре, дякую",text,
360,129703,2021-02-13 09:58:04+00:00,PeerUser(user_id=511986933),391370223,,І він сказав Ок,text,
361,129702,2021-02-13 09:57:24+00:00,PeerUser(user_id=511986933),391370223,,"Привіт Макс! У власника сьогодні короче книги також не виходить принести тому я сказав що завтра ми заняті будемо, тому на наступний тиждень попросив або коли у нього там далі на вихідних вийде",text,
362,129557,2021-02-12 12:22:05+00:00,PeerUser(user_id=511986933),391370223,,та без питань),text,
363,129556,2021-02-12 12:19:32+00:00,,511986933,,Не довго,text,
364,129555,2021-02-12 12:19:25+00:00,,511986933,,"Хоча буду, але о 17-18 десь",text,
365,129554,2021-02-12 12:18:46+00:00,PeerUser(user_id=511986933),391370223,,я тоді на завтра з ним домовлюся,text,
366,129553,2021-02-12 12:18:40+00:00,PeerUser(user_id=511986933),391370223,,ага ок,text,
367,129552,2021-02-12 12:18:25+00:00,,511986933,,Тобто ще ні,text,
368,129551,2021-02-12 12:18:19+00:00,,511986933,,Вночі повернуся в суботу,text,
369,129550,2021-02-12 12:18:02+00:00,PeerUser(user_id=511986933),391370223,,а ти у сб будеш вдома ?,text,
370,129549,2021-02-12 12:17:57+00:00,PeerUser(user_id=511986933),391370223,,добре),text,
371,129548,2021-02-12 12:16:18+00:00,,511986933,,"А ну глянь в кімнату, там наче не виглядає як є чужі речі. До речі Аліса зайде сама сьогодні скоріш за все, візьме щось",text,
372,129547,2021-02-12 12:10:03+00:00,PeerUser(user_id=511986933),391370223,,"добре, і ще там же ж власник якось має завтра книги привезти то на котру домовлятися ? увечері ? просто щоб він речей чужих не побачив. Чи на неділю пробувати домовлятися ?",text,
373,129545,2021-02-12 12:07:06+00:00,,511986933,,"Та на треба, дякую)",text,
374,129532,2021-02-12 11:57:14+00:00,PeerUser(user_id=511986933),391370223,,привіт Макс! ну що я вільний,text,
375,129248,2021-02-11 16:45:31+00:00,,511986933,,Окей,text,
376,129247,2021-02-11 16:45:23+00:00,PeerUser(user_id=511986933),391370223,,"Ну або якщо дуже трето то з 12.00 можу віддати, та пара онлайн)",text,
377,129246,2021-02-11 16:44:49+00:00,PeerUser(user_id=511986933),391370223,,В інший час там пари у мене та кол з софтсервом,text,
378,129245,2021-02-11 16:44:08+00:00,PeerUser(user_id=511986933),391370223,,тільки давай може в обід десь ? У проміжку між 13.30 та 15.20,text,
379,129244,2021-02-11 16:41:51+00:00,PeerUser(user_id=511986933),391370223,,добре,text,
380,129243,2021-02-11 16:41:17+00:00,,511986933,,"Не треба, я може завтра тебе попрошу",text,
381,129242,2021-02-11 16:40:49+00:00,PeerUser(user_id=511986933),391370223,,так мені чекати ще ?,text,
382,129241,2021-02-11 16:40:04+00:00,,511986933,,Тому їм в падло їхати,text,
383,129240,2021-02-11 16:39:51+00:00,,511986933,,Там просто пробки скрізь,text,
384,129239,2021-02-11 16:39:44+00:00,,511986933,,"Та його вже не буде, забий",text,
385,129238,2021-02-11 16:37:18+00:00,PeerUser(user_id=511986933),391370223,,Він ще не під'їхав ?,text,
386,129234,2021-02-11 16:21:17+00:00,,511986933,,ВС 0750 ІВ,text,
387,127975,2021-02-02 16:04:42+00:00,PeerUser(user_id=511986933),391370223,,,text,
388,127974,2021-02-02 16:04:21+00:00,PeerUser(user_id=511986933),391370223,,,text,
389,127973,2021-02-02 16:03:55+00:00,PeerUser(user_id=511986933),391370223,,+380992516945,text,
390,127972,2021-02-02 16:02:23+00:00,,511986933,,5168757366313908 Білоус Андрій Сергійович,text,
391,127971,2021-02-02 16:00:43+00:00,PeerUser(user_id=511986933),391370223,,,text,
392,127944,2021-02-01 21:28:48+00:00,PeerUser(user_id=511986933),391370223,,добре дякую!,text,
393,127943,2021-02-01 21:26:33+00:00,,511986933,,"Ну тоді дасть менше додаткових якщо не сподобається, може половину якщо хоч сама помилка знайдена",text,
394,127942,2021-02-01 21:25:27+00:00,PeerUser(user_id=511986933),391370223,,"цікаво, але він до доведення буде напевно сильно придиратися 😂",text,
395,127941,2021-02-01 21:23:23+00:00,,511986933,,"Точно, такое теж було. Він дає тест перед лекцією на тему лекції і одразу після тесту показуються правильні відповіді. Але одна з цих відповідей насправді неправильна. І от якщо ти її знайдеш та доведеш це, то буде додатковий бал",text,
396,127940,2021-02-01 21:21:58+00:00,PeerUser(user_id=511986933),391370223,,щось таке чув,text,
397,127939,2021-02-01 21:21:53+00:00,PeerUser(user_id=511986933),391370223,,добре. А помилка за помилку в тесті що там було ?,text,
398,127938,2021-02-01 21:21:19+00:00,,511986933,,І за це він мінімально додаткових давав,text,
399,127937,2021-02-01 21:21:04+00:00,,511986933,,"Короче ідея в чому: ти читаєш презентацію лекції до самої лекції і пишеш гриніву що ти зрозумів з лекції, що не зрозумів і ще щось. А потім після самої лекції так само",text,
400,127936,2021-02-01 21:20:03+00:00,,511986933,,Чи то на пробабілці,text,
401,127935,2021-02-01 21:19:34+00:00,,511986933,,В нас були  здається pre questionary і post questionary,text,
402,127934,2021-02-01 21:19:34+00:00,PeerUser(user_id=511986933),391370223,,думаю де мені вухо остро тримати,text,
403,127933,2021-02-01 21:18:54+00:00,PeerUser(user_id=511986933),391370223,,так швидше було),text,
404,127932,2021-02-01 21:18:33+00:00,,511986933,,Ти міг зайти і спитати),text,
405,127931,2021-02-01 21:18:13+00:00,PeerUser(user_id=511986933),391370223,,Курс ЛА переглядаю і хотів уточнити а у вас якісь додаткові бали по тому були ?,text,
406,127615,2021-01-31 14:13:05+00:00,,511986933,,5375414109529734,text,
407,127613,2021-01-31 09:59:33+00:00,,511986933,,Follow this link to join my Splitwise group: https://www.splitwise.com/join/QvUshLPC4L7+lku2w,photo,
408,127262,2021-01-29 12:30:50+00:00,PeerUser(user_id=511986933),391370223,,ок,text,
409,127261,2021-01-29 12:30:44+00:00,,511986933,,Та я подзвоню. Через хвилин 30,text,
410,127260,2021-01-29 12:23:27+00:00,PeerUser(user_id=511986933),391370223,,ти десь приблизно через скільки будеш ? я то весь час тут буду проте все ж щоб не весь час перевіряти тг,text,
411,127259,2021-01-29 12:17:22+00:00,PeerUser(user_id=511986933),391370223,,чекаю,text,
412,127258,2021-01-29 12:17:20+00:00,PeerUser(user_id=511986933),391370223,,ок,text,
413,127257,2021-01-29 12:17:14+00:00,,511986933,,"О, тоді можна я вже переїду. А то холодно)))",text,
414,127256,2021-01-29 12:17:11+00:00,PeerUser(user_id=511986933),391370223,,і не дуже часто виходжу,text,
415,127255,2021-01-29 12:17:07+00:00,PeerUser(user_id=511986933),391370223,,проте я буду вдома весь час,text,
416,127254,2021-01-29 12:17:01+00:00,PeerUser(user_id=511986933),391370223,,вона більшість речей забирала і новою поштою скине,text,
417,127253,2021-01-29 12:16:52+00:00,PeerUser(user_id=511986933),391370223,,"там ще невеличка незручність є, у мене поки один ключ а інший ключ буде десь завтра бо його нам мама Саші передасть",text,
418,127252,2021-01-29 12:16:08+00:00,PeerUser(user_id=511986933),391370223,,"я загалом буду вдома зараз, а з 18,00 до 20,15 я в тренажерціі буду",text,
419,127249,2021-01-29 12:13:03+00:00,PeerUser(user_id=511986933),391370223,,Саша вже поїхав,text,
420,127248,2021-01-29 12:12:56+00:00,PeerUser(user_id=511986933),391370223,,хоч зараз),text,
421,127247,2021-01-29 11:42:59+00:00,,511986933,,"Чуєш, а коли мені приблизно можна буде заселитися ?",text,
422,127238,2021-01-29 11:06:11+00:00,PeerUser(user_id=511986933),391370223,,.,text,
423,127237,2021-01-29 11:05:59+00:00,PeerUser(user_id=511986933),391370223,,тільки краще зателефонуй як підійдеш або просто кол кинь на телефон,text,
424,127236,2021-01-29 11:05:15+00:00,PeerUser(user_id=511986933),391370223,,добре,text,
425,127235,2021-01-29 11:04:46+00:00,,511986933,,Я хвилин за 15 буду. Іду як від фуршету,text,
426,127220,2021-01-29 10:39:09+00:00,PeerUser(user_id=511986933),391370223,,Без питань,text,
427,127219,2021-01-29 10:39:06+00:00,PeerUser(user_id=511986933),391370223,,Ок,text,
428,127218,2021-01-29 10:39:04+00:00,PeerUser(user_id=511986933),391370223,,"Чим раніше тим краще, от так скажу. До 15.00 десь.",text,
429,127217,2021-01-29 10:38:51+00:00,,511986933,,Просто я піду за сумками на пошту і принесу не раніше ніж за годину виходить,text,
430,127216,2021-01-29 10:38:08+00:00,,511986933,,До обіду це до котрої саме ?,text,
431,127215,2021-01-29 10:37:41+00:00,PeerUser(user_id=511986933),391370223,,Краще до обіду мені,text,
432,127214,2021-01-29 10:37:33+00:00,PeerUser(user_id=511986933),391370223,,Хоч щас),text,
433,127213,2021-01-29 10:37:27+00:00,PeerUser(user_id=511986933),391370223,,Я вже вдома,text,
434,127212,2021-01-29 10:36:40+00:00,,511986933,,Коли тобі було б зручно ?,text,
435,127210,2021-01-29 10:36:20+00:00,PeerUser(user_id=511986933),391370223,,Ти коли приблизно принесеш ?,text,
436,127209,2021-01-29 10:36:07+00:00,PeerUser(user_id=511986933),391370223,,Тільки зателефонуй коли будеш підходити краще,text,
437,127208,2021-01-29 10:35:49+00:00,PeerUser(user_id=511986933),391370223,,Принось,text,
438,127206,2021-01-29 10:35:47+00:00,PeerUser(user_id=511986933),391370223,,Без питань,text,
439,127204,2021-01-29 10:35:28+00:00,,511986933,,"Так, от щойно приїхав. Хотів спитати чи зручно буде, щоб я деякі сумки сьогодні приніс ?",text,
440,127199,2021-01-29 10:34:05+00:00,PeerUser(user_id=511986933),391370223,,А ти ?,text,
441,127198,2021-01-29 10:34:02+00:00,PeerUser(user_id=511986933),391370223,,Привіт),text,
442,127197,2021-01-29 10:33:53+00:00,PeerUser(user_id=511986933),391370223,,Так,text,
443,127196,2021-01-29 10:31:55+00:00,,511986933,,Привіт) Ти уже в Львові?,text,
444,126868,2021-01-26 18:57:20+00:00,PeerUser(user_id=511986933),391370223,,Або якщо будеш раніше підходити то напишеш щоб я знав,text,
445,126867,2021-01-26 18:56:15+00:00,PeerUser(user_id=511986933),391370223,,Так само як у нас в колегіумі було,text,
446,126866,2021-01-26 18:56:09+00:00,PeerUser(user_id=511986933),391370223,,Зателефонуєш мені чи напишеш щоб я вийшов і тебе впустив. Просто під'їзд по брилку відкривається,text,
447,126865,2021-01-26 18:55:23+00:00,PeerUser(user_id=511986933),391370223,,"добре, домовилися. Ось де квартира розташована",text,
448,126864,2021-01-26 18:55:08+00:00,PeerUser(user_id=511986933),391370223,,"ул. Академика Лазаренко, 8
ул. Академика Лазаренко, 8, Львов, Львовская область, 79000
https://maps.app.goo.gl/LqkGvg8zxznDGjT27",photo,
449,126863,2021-01-26 18:49:36+00:00,,511986933,,"Я можу просто підійти до 14, а більшість речей пізніше донесу",text,
450,126862,2021-01-26 18:23:03+00:00,PeerUser(user_id=511986933),391370223,,Пізніше у нього не виходить просто,text,
451,126861,2021-01-26 18:22:52+00:00,PeerUser(user_id=511986933),391370223,,Ти ж встигнеш до 14.00 хоч речі перенести в квартиру ?,text,
452,126860,2021-01-26 18:22:20+00:00,PeerUser(user_id=511986933),391370223,,Бо він все ж таки власник йому треба бачити в лице,text,
453,126859,2021-01-26 18:22:02+00:00,PeerUser(user_id=511986933),391370223,,Просто сказав хоче бачити хто заселяється),text,
454,126858,2021-01-26 18:21:41+00:00,PeerUser(user_id=511986933),391370223,,Я з власником переговорив то він сказав що в цю нд на 14.00 прийде на квартиру щоб договір підписати,text,
455,126855,2021-01-26 17:30:48+00:00,PeerUser(user_id=511986933),391370223,,"Та, я пам'ятаю. Я також 29 числа буду у Львові вже",text,
456,126854,2021-01-26 17:30:18+00:00,,511986933,,Окей. Ну я так 31 планую заселитися. А з 29 я в принципі в Львові,text,
457,126853,2021-01-26 17:29:53+00:00,PeerUser(user_id=511986933),391370223,,Але я ще власнику зателефоную і дізнаюся коли у нього вийде. Бо може бути що у нього не вийде в цю суботу,text,
458,126852,2021-01-26 17:28:36+00:00,PeerUser(user_id=511986933),391370223,,Я то все ще раз можу сказати. Це я так підготовую),text,
459,126851,2021-01-26 17:28:12+00:00,PeerUser(user_id=511986933),391370223,,Ок,text,
460,126850,2021-01-26 17:28:04+00:00,,511986933,,"Ок. А щодо залогу, то нагадаєш, щоб я все йому скинув коли я приїду ?",text,
461,126849,2021-01-26 17:28:03+00:00,PeerUser(user_id=511986933),391370223,,Там залог впринципі можна пізніше скинути буде,text,
462,126848,2021-01-26 17:27:40+00:00,PeerUser(user_id=511986933),391370223,,Поки я також думаю до 1 липня знімати,text,
463,126847,2021-01-26 17:22:54+00:00,PeerUser(user_id=511986933),391370223,,Ну може. Треба буде ще послухати що завтра скаже нам декан,text,
464,126846,2021-01-26 17:21:58+00:00,,511986933,,Привіт. У нас там сесія зазвичай до середини червня. Тому мають все-таки краще до 1 липня,text,
465,126845,2021-01-26 17:21:14+00:00,PeerUser(user_id=511986933),391370223,,Тедефонуй якщо треба,text,
466,126844,2021-01-26 17:21:06+00:00,PeerUser(user_id=511986933),391370223,,0991448901,text,
467,126843,2021-01-26 17:21:02+00:00,PeerUser(user_id=511986933),391370223,,Якщо щось не зрозуміло то можемо сколатися,text,
468,126842,2021-01-26 17:20:50+00:00,PeerUser(user_id=511986933),391370223,,Але про кількість місяців на скільки приблизно ти б хотів знімати квартиру скажи зараз,text,
469,126841,2021-01-26 17:20:19+00:00,PeerUser(user_id=511986933),391370223,,Більш детальніше потім поговоримо,text,
470,126840,2021-01-26 17:20:09+00:00,PeerUser(user_id=511986933),391370223,,Це я тобі так скинув щоб ти знав,text,
471,126839,2021-01-26 17:19:27+00:00,PeerUser(user_id=511986933),391370223,,Я тому власне і скинув договір щоб ти зрозумів що все серйозно)) Залог треба щоб якщо ми щось поламаємо то з залогу забирається,text,
472,126838,2021-01-26 17:18:11+00:00,PeerUser(user_id=511986933),391370223,,Ок ?,text,
473,126837,2021-01-26 17:18:07+00:00,PeerUser(user_id=511986933),391370223,,,voice,63
474,126836,2021-01-26 17:15:55+00:00,PeerUser(user_id=511986933),391370223,,То може краще до 1 червня ? А потім якщо треба просто продовжимо платити,text,
475,126835,2021-01-26 17:15:17+00:00,PeerUser(user_id=511986933),391370223,,Впринципі ми можемо менше місяців сказати а далі просто продовжити платити,text,
476,126834,2021-01-26 17:14:30+00:00,PeerUser(user_id=511986933),391370223,,Як тобі до 1 липня знімати ?,text,
477,126833,2021-01-26 17:14:06+00:00,PeerUser(user_id=511986933),391370223,,,voice,61
478,126832,2021-01-26 17:12:55+00:00,PeerUser(user_id=511986933),391370223,,,photo,
479,126831,2021-01-26 17:12:55+00:00,PeerUser(user_id=511986933),391370223,,,photo,
480,126830,2021-01-26 17:12:55+00:00,PeerUser(user_id=511986933),391370223,,,photo,
481,126829,2021-01-26 17:12:55+00:00,PeerUser(user_id=511986933),391370223,,,photo,
482,126828,2021-01-26 17:12:48+00:00,PeerUser(user_id=511986933),391370223,,Привіт Макс!,text,
483,125136,2021-01-19 14:56:08+00:00,PeerUser(user_id=511986933),391370223,,тоді плануємо на 31 поки,text,
484,125135,2021-01-19 14:56:00+00:00,PeerUser(user_id=511986933),391370223,,у мене сусід 29 числа виселиться і потім можеш в будь який момент заселитися,text,
485,125134,2021-01-19 14:55:28+00:00,,511986933,,"Так, добре",text,
486,125133,2021-01-19 14:55:13+00:00,PeerUser(user_id=511986933),391370223,,тоді спишемося,text,
487,125132,2021-01-19 14:54:59+00:00,PeerUser(user_id=511986933),391370223,,без питань,text,
488,125131,2021-01-19 14:54:41+00:00,,511986933,,"Окей, тоді давай краще 31. Дякую)",text,
489,125130,2021-01-19 14:54:34+00:00,PeerUser(user_id=511986933),391370223,,я з 29 буду у Львові,text,
490,125129,2021-01-19 14:54:24+00:00,PeerUser(user_id=511986933),391370223,,та мені без різниці,text,
491,125128,2021-01-19 14:54:07+00:00,,511986933,,Привіт. Я буду в Львові приблизно 29. 30 у мене плани вдень у Львові. Тобі було б зручно 31 ?,text,
492,125111,2021-01-19 14:50:15+00:00,PeerUser(user_id=511986933),391370223,,тобто в наступну суботу ?,text,
493,125110,2021-01-19 14:50:08+00:00,PeerUser(user_id=511986933),391370223,,привіт Макс! тобі б ок було 30 січня заселитися на квартиру ?,text,
494,124576,2021-01-16 10:51:01+00:00,,511986933,,"Звичайно, це корисно і я не відмовляю. Просто попереджаю, що таке буває",text,
495,124575,2021-01-16 10:50:23+00:00,,511986933,,Ну то в софтверв. Але багато інших компаній не вважає досвід в лабі за реальний досвід роботи,text,
496,124573,2021-01-16 10:21:32+00:00,PeerUser(user_id=511986933),391370223,,А чому ти кажеш що кар'єрний ріст дасть саме робота на реальній роботі а не на асистенстві ? Просто вроді якщо асистентом працювати то є шанс у софт серв попасти,text,
497,124572,2021-01-16 10:18:35+00:00,PeerUser(user_id=511986933),391370223,,А Олесь казав що можна підбирати графік самостійно,text,
498,124571,2021-01-16 10:18:15+00:00,PeerUser(user_id=511986933),391370223,,Просто дуже складно угадати з роботою яка була б флексибл з навчанням,text,
499,124570,2021-01-16 10:17:46+00:00,PeerUser(user_id=511986933),391370223,,От я просто так і думав щоб стати асистентом в лабі а потім на 3 курс шукати роботу,text,
